family_base,knob_variant,ratio_variant,pipeline,runs_total,infeasible_runs,feasible_runs,metric_mean,metric_sem,infeasible_rate,perf_mean,perf_sem,_x
load,underload,off20_on80,CostAwareBFD+CostAwareBestFit,10,0,10,0.9999077465023527,0.0003056781512428909,0.0,-0.009225349764729884,0.03056781512428909,underload
load,underload,off20_on80,MILP+CostAwareBestFit,10,0,10,0.9999077465023527,0.0003056781512428956,0.0,-0.009225349764729884,0.030567815124289556,underload
load,underload,off20_on80,MILP+DynamicLearning,10,0,10,1.0067180907409234,0.0008734837396267536,0.0,0.6718090740923444,0.08734837396267536,underload
load,underload,off20_on80,MILP+PrimalDual,10,0,10,0.9999557613012025,0.0003048502000439142,0.0,-0.00442386987975496,0.030485020004391423,underload
load,underload,off20_on80,UtilizationPriced+CostAwareBestFit,10,0,10,0.9999708825728086,0.00031067411142373893,0.0,-0.002911742719136079,0.031067411142373894,underload
load,underload,off20_on80,UtilizationPriced+DynamicLearning,10,0,10,1.0071180440026906,0.0009438618609911361,0.0,0.711804400269056,0.0943861860991136,underload
load,underload,off20_on80,UtilizationPriced+PrimalDual,10,0,10,1.0000113533173425,0.0003091827532917125,0.0,0.0011353317342477354,0.03091827532917125,underload
