family_base,knob_variant,ratio_variant,pipeline,runs_total,infeasible_runs,feasible_runs,metric_mean,metric_sem,infeasible_rate,perf_mean,perf_sem,_x
uniform,beta11_same_load,off20_on80,CostAwareBFD+CostAwareBestFit,10,0,10,1.0086403905029901,0.00737473452331529,0.0,0.8640390502990147,0.7374734523315291,beta11_same_load
uniform,beta11_same_load,off20_on80,MILP+CostAwareBestFit,10,0,10,1.0086403905029901,0.00737473452331529,0.0,0.8640390502990147,0.7374734523315291,beta11_same_load
uniform,beta11_same_load,off20_on80,MILP+DynamicLearning,10,0,10,1.013883806585528,0.007075651866334488,0.0,1.3883806585528013,0.7075651866334488,beta11_same_load
uniform,beta11_same_load,off20_on80,MILP+PrimalDual,10,0,10,1.0122992564304851,0.004303006977744815,0.0,1.2299256430485128,0.4303006977744815,beta11_same_load
uniform,beta11_same_load,off20_on80,UtilizationPriced+CostAwareBestFit,10,0,10,1.0072945580406494,0.006231872887057776,0.0,0.7294558040649379,0.6231872887057776,beta11_same_load
uniform,beta11_same_load,off20_on80,UtilizationPriced+DynamicLearning,10,0,10,1.0155030076927933,0.007842933942332792,0.0,1.5503007692793336,0.7842933942332792,beta11_same_load
uniform,beta11_same_load,off20_on80,UtilizationPriced+PrimalDual,10,0,10,1.0155548418285225,0.006030085142854363,0.0,1.5554841828522514,0.6030085142854363,beta11_same_load
