family_base,knob_variant,ratio_variant,pipeline,runs_total,infeasible_runs,feasible_runs,metric_mean,metric_sem,infeasible_rate,perf_mean,perf_sem,_x
uniform,beta11_same_load,off20_on80,CostAwareBFD+CostAwareBestFit,50,0,50,1.0139954672453155,0.00282126530772441,0.0,1.399546724531553,0.282126530772441,beta11_same_load
uniform,beta11_same_load,off20_on80,MILP+CostAwareBestFit,50,0,50,1.0139954672453155,0.00282126530772441,0.0,1.399546724531553,0.282126530772441,beta11_same_load
uniform,beta11_same_load,off20_on80,MILP+DynamicLearning,50,0,50,1.0286946403910466,0.003291668871384829,0.0,2.8694640391046633,0.3291668871384829,beta11_same_load
uniform,beta11_same_load,off20_on80,MILP+PrimalDual,50,0,50,1.018919148747556,0.0030446435795046757,0.0,1.8919148747555958,0.30446435795046756,beta11_same_load
uniform,beta11_same_load,off20_on80,UtilizationPriced+CostAwareBestFit,50,0,50,1.0117725711995815,0.0025692311843201047,0.0,1.1772571199581527,0.2569231184320105,beta11_same_load
uniform,beta11_same_load,off20_on80,UtilizationPriced+DynamicLearning,50,0,50,1.0294219851026913,0.00309341254655133,0.0,2.942198510269134,0.309341254655133,beta11_same_load
uniform,beta11_same_load,off20_on80,UtilizationPriced+PrimalDual,50,0,50,1.0155630416904722,0.002978116759365959,0.0,1.556304169047218,0.2978116759365959,beta11_same_load
